misparmb,nefashot,c3 - סך כל ההוצאות,food_act (c30+c31) - סך הוצאות מזון,c32-39 - סך הוצאות לא מזון,F_norm Sedentary cheapest- סך הוצאה נמוכה למספר הסלים,c3~ F_norm sedentary cheapest,,,misparmb,c3 - סך כל ההוצאות,food_act (c30+c31) - סך הוצאות מזון,0 -4 min1,0 -4 min2,5 - 9 min1,5 - 9 min2,10-14 min1,10-14 min2,15 - 17 min1,15 - 17 min2,18 -29 min1,18 -29 min2,30 - 49 min1,30 - 49 min2,50+ min1,50+ min2,c3^,zu
17954,1,3168,604,2564,634.27,TRUE,,,17954,3168,604,0,0,0,0,0,0,0,0,0,0,0,0,0,1,"7,330.17","7,330.17"
49759,1,5945,605,5340,634.27,TRUE,,,49759,5945,605,0,0,0,0,0,0,0,0,0,0,0,0,0,1,"7,330.17","7,330.17"
2659,1,11785,608,11177,634.27,TRUE,,,2659,11785,608,0,0,0,0,0,0,0,0,0,0,0,0,0,1,"7,330.17","7,330.17"
1008,1,5381,609,4772,634.27,TRUE,,,1008,5381,609,0,0,0,0,0,0,0,0,0,0,0,0,0,1,"7,330.17","7,330.17"
38745,1,2602,610,1992,634.27,TRUE,,,38745,2602,610,0,0,0,0,0,0,0,0,0,0,0,0,0,1,"7,330.17","7,330.17"
9530,1,6170,611,5559,634.27,TRUE,,,9530,6170,611,0,0,0,0,0,0,0,0,0,0,0,0,0,1,"7,330.17","7,330.17"
14951,1,13364,611,12754,634.27,TRUE,,,14951,13364,611,0,0,0,0,0,0,0,0,0,0,0,0,0,1,"7,330.17","7,330.17"
81828,1,5198,615,4584,634.27,TRUE,,,81828,5198,615,0,0,0,0,0,0,0,0,0,0,0,0,0,1,"7,330.17","7,330.17"
70532,1,9273,616,8656,634.27,TRUE,,,70532,9273,616,0,0,0,0,0,0,0,0,0,0,0,0,0,1,"7,330.17","7,330.17"
26542,1,2164,617,1546,634.27,TRUE,,,26542,2164,617,0,0,0,0,0,0,0,0,0,0,0,0,0,1,"7,330.17","7,330.17"
13441,1,7052,626,6426,634.27,TRUE,,,13441,7052,626,0,0,0,0,0,0,0,0,0,0,0,0,0,1,"7,330.17","7,330.17"
299,1,2175,627,1548,634.27,TRUE,,,299,2175,627,0,0,0,0,0,0,0,0,0,0,0,0,0,1,"7,330.17","7,330.17"
71647,1,4258,628,3631,634.27,TRUE,,,71647,4258,628,0,0,0,0,0,0,0,0,0,0,0,0,0,1,"7,330.17","7,330.17"
50211,1,3101,631,2470,634.27,TRUE,,,50211,3101,631,0,0,0,0,0,0,0,0,0,0,0,0,0,1,"7,330.17","7,330.17"
61325,1,5028,631,4397,634.27,TRUE,,,61325,5028,631,0,0,0,0,0,0,0,0,0,0,0,0,0,1,"7,330.17","7,330.17"
44396,1,9702,632,9070,634.27,TRUE,,,44396,9702,632,0,0,0,0,0,0,0,0,0,0,0,0,0,1,"7,330.17","7,330.17"
29397,1,9921,642,9280,634.27,TRUE,,,29397,9921,642,0,0,0,0,0,0,0,0,0,0,0,0,0,1,"7,330.17","7,330.17"
84442,1,7315,644,6671,634.27,TRUE,,,84442,7315,644,0,0,0,0,0,0,0,0,0,0,0,0,0,1,"7,330.17","7,330.17"
76471,1,5962,646,5316,634.27,TRUE,,,76471,5962,646,0,0,0,0,0,0,0,0,0,0,0,0,0,1,"7,330.17","7,330.17"
82230,1,5464,658,4806,634.27,TRUE,,,82230,5464,658,0,0,0,0,0,0,0,0,0,0,0,0,0,1,"7,330.17","7,330.17"
25130,1,4587,661,3927,634.27,TRUE,,,25130,4587,661,0,0,0,0,0,0,0,0,0,0,0,0,0,1,"7,330.17","7,330.17"
54338,1,5957,663,5295,634.27,TRUE,,,54338,5957,663,0,0,0,0,0,0,0,0,0,0,0,0,0,1,"7,330.17","7,330.17"
24158,1,10073,663,9410,634.27,TRUE,,,24158,10073,663,0,0,0,0,0,0,0,0,0,0,0,0,0,1,"7,330.17","7,330.17"
68106,1,4857,664,4193,634.27,TRUE,,,68106,4857,664,0,0,0,0,0,0,0,0,0,0,0,0,0,1,"7,330.17","7,330.17"
82487,1,11856,717,11139,713.55,TRUE,,,82487,11856,717,0,0,0,0,0,0,0,0,0,0,0,1,0,0,"9,874.96","9,874.96"
85902,1,10057,728,9330,713.55,TRUE,,,85902,10057,728,0,0,0,0,0,0,0,0,0,0,0,1,0,0,"9,874.96","9,874.96"
62737,1,4796,739,4057,713.55,TRUE,,,62737,4796,739,0,0,0,0,0,0,0,0,0,0,0,1,0,0,"9,874.96","9,874.96"
55707,1,12971,761,12211,792.83,TRUE,,,55707,12971,761,0,0,0,0,0,0,0,0,0,1,0,0,0,0,"5,448.13","5,448.13"
57901,1,7614,796,6818,792.83,TRUE,,,57901,7614,796,0,0,0,0,0,0,0,0,0,1,0,0,0,0,"5,448.13","5,448.13"
71704,1,4379,847,3532,872.12,TRUE,,,71704,4379,847,0,0,0,0,0,0,0,0,0,0,0,0,1,0,"8,900.76","8,900.76"
86769,1,8507,852,7654,872.12,TRUE,,,86769,8507,852,0,0,0,0,0,0,0,0,0,0,0,0,1,0,"8,900.76","8,900.76"
38174,1,5018,867,4152,872.12,TRUE,,,38174,5018,867,0,0,0,0,0,0,0,0,0,0,0,0,1,0,"8,900.76","8,900.76"
26302,1,6091,868,5223,872.12,TRUE,,,26302,6091,868,0,0,0,0,0,0,0,0,0,0,0,0,1,0,"8,900.76","8,900.76"
85308,1,6645,870,5776,872.12,TRUE,,,85308,6645,870,0,0,0,0,0,0,0,0,0,0,0,0,1,0,"8,900.76","8,900.76"
89896,1,1889,871,1019,872.12,TRUE,,,89896,1889,871,0,0,0,0,0,0,0,0,0,0,0,0,1,0,"8,900.76","8,900.76"
25197,1,3083,878,2206,872.12,TRUE,,,25197,3083,878,0,0,0,0,0,0,0,0,0,0,0,0,1,0,"8,900.76","8,900.76"
78790,1,18151,882,17267,872.12,TRUE,,,78790,18151,882,0,0,0,0,0,0,0,0,0,0,0,0,1,0,"8,900.76","8,900.76"
79806,1,6970,886,6083,872.12,TRUE,,,79806,6970,886,0,0,0,0,0,0,0,0,0,0,0,0,1,0,"8,900.76","8,900.76"
66290,1,10922,886,10036,872.12,TRUE,,,66290,10922,886,0,0,0,0,0,0,0,0,0,0,0,0,1,0,"8,900.76","8,900.76"
28423,1,8052,887,7164,872.12,TRUE,,,28423,8052,887,0,0,0,0,0,0,0,0,0,0,0,0,1,0,"8,900.76","8,900.76"
60749,1,11851,888,10963,872.12,TRUE,,,60749,11851,888,0,0,0,0,0,0,0,0,0,0,0,0,1,0,"8,900.76","8,900.76"
24638,1,9245,892,8353,872.12,TRUE,,,24638,9245,892,0,0,0,0,0,0,0,0,0,0,0,0,1,0,"8,900.76","8,900.76"
10645,1,5737,894,4842,872.12,TRUE,,,10645,5737,894,0,0,0,0,0,0,0,0,0,0,0,0,1,0,"8,900.76","8,900.76"
25387,1,13159,902,12257,872.12,TRUE,,,25387,13159,902,0,0,0,0,0,0,0,0,0,0,0,0,1,0,"8,900.76","8,900.76"
64667,1,7336,909,6427,872.12,TRUE,,,64667,7336,909,0,0,0,0,0,0,0,0,0,0,0,0,1,0,"8,900.76","8,900.76"
74682,1,5256,910,4345,872.12,TRUE,,,74682,5256,910,0,0,0,0,0,0,0,0,0,0,0,0,1,0,"8,900.76","8,900.76"
77719,1,5264,911,4352,872.12,TRUE,,,77719,5264,911,0,0,0,0,0,0,0,0,0,0,0,0,1,0,"8,900.76","8,900.76"
41996,1,7789,925,6865,951.4,TRUE,,,41996,7789,925,0,0,0,0,0,0,0,0,0,0,1,0,0,0,"7,742.38","7,742.38"
5314,1,9745,925,8820,951.4,TRUE,,,5314,9745,925,0,0,0,0,0,0,0,0,1,0,0,0,0,0,"6,451.81","6,451.81"
3970,1,16688,934,15754,951.4,TRUE,,,3970,16688,934,0,0,0,0,0,0,0,0,0,0,1,0,0,0,"7,742.38","7,742.38"
54023,1,21498,939,20557,951.4,TRUE,,,54023,21498,939,0,0,0,0,0,0,0,0,0,0,1,0,0,0,"7,742.38","7,742.38"
10694,1,4581,952,3631,951.4,TRUE,,,10694,4581,952,0,0,0,0,0,0,0,0,0,0,1,0,0,0,"7,742.38","7,742.38"
85100,1,8344,984,7359,951.4,TRUE,,,85100,8344,984,0,0,0,0,0,0,0,0,0,0,1,0,0,0,"7,742.38","7,742.38"
44693,1,5691,995,4697,951.4,TRUE,,,44693,5691,995,0,0,0,0,0,0,0,0,0,0,1,0,0,0,"7,742.38","7,742.38"
88898,1,11821,997,10824,951.4,TRUE,,,88898,11821,997,0,0,0,0,0,0,0,0,0,0,1,0,0,0,"7,742.38","7,742.38"
34959,2,12917,1135,11782,"1,189.25",TRUE,,,34959,12917,1135,0,0,0,1,0,0,0,0,0,0,0,1,0,0,"11,218.12","11,218.12"
81851,2,10764,1153,9612,"1,189.25",TRUE,,,81851,10764,1153,0,0,0,1,0,0,0,0,0,0,0,1,0,0,"11,218.12","11,218.12"
50674,2,14578,1160,13418,"1,109.96",TRUE,,,50674,14578,1160,0,1,0,0,0,0,0,0,0,0,0,1,0,0,"12,408.95","12,408.95"
84723,2,12679,1183,11497,"1,189.25",TRUE,,,84723,12679,1183,0,0,0,1,0,0,0,0,0,0,0,1,0,0,"11,218.12","11,218.12"
68676,2,19590,1244,18345,"1,268.53",TRUE,,,68676,19590,1244,0,0,1,0,0,0,0,0,0,0,0,1,0,0,"13,080.05","13,080.05"
41905,2,14722,1252,13472,"1,268.53",TRUE,,,41905,14722,1252,0,0,0,0,0,0,0,0,0,0,0,0,0,2,"11,192.63","11,192.63"
26377,2,6003,1276,4728,"1,268.53",TRUE,,,26377,6003,1276,0,0,1,0,0,0,0,0,0,0,0,1,0,0,"13,080.05","13,080.05"
8011,2,9327,1309,8018,"1,268.53",TRUE,,,8011,9327,1309,0,0,0,0,0,0,0,0,0,0,0,0,0,2,"11,192.63","11,192.63"
67470,2,8436,1310,7126,"1,347.81",TRUE,,,67470,8436,1310,0,0,0,0,1,0,0,0,0,0,0,0,0,1,"7,512.32","7,512.32"
50120,2,12670,1328,11342,"1,268.53",TRUE,,,50120,12670,1328,0,0,0,0,0,0,0,0,0,0,0,0,0,2,"11,192.63","11,192.63"
76091,2,5343,1337,4007,"1,347.81",TRUE,,,76091,5343,1337,0,0,0,0,0,0,0,1,0,0,0,0,0,1,"9,180.37","9,180.37"
19885,2,14472,1373,13096,"1,427.10",TRUE,,,19885,14472,1373,0,0,0,0,0,0,0,0,0,1,0,0,0,1,"9,310.58","9,310.58"
18036,2,14054,1377,12677,"1,427.10",TRUE,,,18036,14054,1377,0,0,0,0,1,0,0,0,0,0,0,1,0,0,"10,057.11","10,057.11"
28803,2,13659,1386,12272,"1,427.10",TRUE,,,28803,13659,1386,0,0,0,0,0,0,0,0,0,1,0,0,0,1,"9,310.58","9,310.58"
48710,2,14822,1387,13435,"1,347.81",TRUE,,,48710,14822,1387,0,0,0,0,0,0,0,0,0,0,0,1,0,1,"13,737.42","13,737.42"
53710,2,11273,1432,9840,"1,506.38",TRUE,,,53710,11273,1432,0,0,0,0,0,0,0,0,0,0,0,0,1,1,"12,763.22","12,763.22"
86173,2,25061,1433,23628,"1,506.38",TRUE,,,86173,25061,1433,0,0,0,0,0,0,0,0,0,0,0,0,1,1,"12,763.22","12,763.22"
9431,2,9674,1435,8239,"1,506.38",TRUE,,,9431,9674,1435,0,0,0,0,0,0,0,0,0,0,0,0,1,1,"12,763.22","12,763.22"
23119,2,6841,1437,5405,"1,506.38",TRUE,,,23119,6841,1437,0,0,0,0,0,0,0,0,0,0,0,0,1,1,"12,763.22","12,763.22"
81174,2,10305,1439,8865,"1,506.38",TRUE,,,81174,10305,1439,0,0,0,0,0,0,0,0,0,0,0,0,1,1,"12,763.22","12,763.22"
16246,2,7504,1441,6063,"1,506.38",TRUE,,,16246,7504,1441,0,0,0,0,0,0,0,0,0,0,0,0,1,1,"12,763.22","12,763.22"
85282,2,6870,1442,5429,"1,506.38",TRUE,,,85282,6870,1442,0,0,0,0,0,0,0,0,0,0,0,0,1,1,"12,763.22","12,763.22"
22798,2,7046,1442,5604,"1,506.38",TRUE,,,22798,7046,1442,0,0,0,0,0,0,0,0,0,0,0,0,1,1,"12,763.22","12,763.22"
44750,2,12677,1444,11233,"1,506.38",TRUE,,,44750,12677,1444,0,0,0,0,0,0,0,0,0,0,0,0,1,1,"12,763.22","12,763.22"
24653,2,9038,1448,7592,"1,506.38",TRUE,,,24653,9038,1448,0,0,0,0,0,0,0,0,0,0,0,0,1,1,"12,763.22","12,763.22"
24745,2,17844,1451,16393,"1,506.38",TRUE,,,24745,17844,1451,0,0,0,0,0,0,0,0,0,0,0,0,1,1,"12,763.22","12,763.22"
10546,2,16689,1454,15236,"1,506.38",TRUE,,,10546,16689,1454,0,0,0,0,0,0,0,0,0,0,0,0,1,1,"12,763.22","12,763.22"
26146,2,7047,1455,5591,"1,506.38",TRUE,,,26146,7047,1455,0,0,0,0,0,0,0,0,0,0,0,0,1,1,"12,763.22","12,763.22"
26955,2,10254,1455,8799,"1,506.38",TRUE,,,26955,10254,1455,0,0,0,0,0,0,0,0,0,0,0,0,1,1,"12,763.22","12,763.22"
63735,2,12827,1455,11371,"1,506.38",TRUE,,,63735,12827,1455,0,0,0,0,0,0,0,0,0,0,0,0,1,1,"12,763.22","12,763.22"
24034,2,8048,1456,6591,"1,506.38",TRUE,,,24034,8048,1456,0,0,0,0,0,0,0,0,0,0,0,0,1,1,"12,763.22","12,763.22"
32086,2,11477,1458,10018,"1,506.38",TRUE,,,32086,11477,1458,0,0,0,0,0,0,0,0,0,0,0,0,1,1,"12,763.22","12,763.22"
11247,2,7546,1459,6086,"1,506.38",TRUE,,,11247,7546,1459,0,0,0,0,0,0,0,0,0,0,0,0,1,1,"12,763.22","12,763.22"
32110,2,6338,1460,4879,"1,506.38",TRUE,,,32110,6338,1460,0,0,0,0,0,0,0,0,0,0,0,0,1,1,"12,763.22","12,763.22"
31484,2,8486,1460,7025,"1,506.38",TRUE,,,31484,8486,1460,0,0,0,0,0,0,0,0,0,0,0,0,1,1,"12,763.22","12,763.22"
8839,2,9930,1463,8467,"1,506.38",TRUE,,,8839,9930,1463,0,0,0,0,0,0,0,0,0,0,0,0,1,1,"12,763.22","12,763.22"
83592,2,11432,1470,9963,"1,506.38",TRUE,,,83592,11432,1470,0,0,0,0,0,0,0,0,0,0,0,0,1,1,"12,763.22","12,763.22"
1875,2,5487,1472,4014,"1,506.38",TRUE,,,1875,5487,1472,0,0,0,0,0,0,0,0,0,0,0,0,1,1,"12,763.22","12,763.22"
72694,2,6218,1479,4740,"1,506.38",TRUE,,,72694,6218,1479,0,0,0,0,0,0,0,0,0,0,0,0,1,1,"12,763.22","12,763.22"
71944,2,12199,1482,10717,"1,506.38",TRUE,,,71944,12199,1482,0,0,0,0,0,0,0,0,0,0,0,0,1,1,"12,763.22","12,763.22"
2600,2,8389,1483,6905,"1,506.38",TRUE,,,2600,8389,1483,0,0,0,0,0,0,0,0,0,0,0,0,1,1,"12,763.22","12,763.22"
9217,2,8972,1488,7485,"1,506.38",TRUE,,,9217,8972,1488,0,0,0,0,0,0,0,0,0,0,0,0,1,1,"12,763.22","12,763.22"
65029,2,5617,1489,4128,"1,506.38",TRUE,,,65029,5617,1489,0,0,0,0,0,0,0,0,0,0,0,0,1,1,"12,763.22","12,763.22"
83345,2,10834,1492,9342,"1,506.38",TRUE,,,83345,10834,1492,0,0,0,0,0,0,0,0,0,0,0,0,1,1,"12,763.22","12,763.22"
40501,2,12388,1492,10894,"1,506.38",TRUE,,,40501,12388,1492,0,0,0,0,0,0,0,0,0,0,0,0,1,1,"12,763.22","12,763.22"
17707,2,6912,1494,5419,"1,506.38",TRUE,,,17707,6912,1494,0,0,0,0,0,0,0,0,0,0,0,0,1,1,"12,763.22","12,763.22"
61036,2,9989,1494,8494,"1,506.38",TRUE,,,61036,9989,1494,0,0,0,0,0,0,0,0,0,0,0,0,1,1,"12,763.22","12,763.22"
67736,2,8596,1496,7101,"1,506.38",TRUE,,,67736,8596,1496,0,0,0,0,0,0,0,0,0,0,0,0,1,1,"12,763.22","12,763.22"
30338,2,18065,1497,16569,"1,506.38",TRUE,,,30338,18065,1497,0,0,0,0,0,0,0,0,0,0,0,0,1,1,"12,763.22","12,763.22"
20750,2,7945,1498,6447,"1,506.38",TRUE,,,20750,7945,1498,0,0,0,0,0,0,0,0,0,0,0,0,1,1,"12,763.22","12,763.22"
11130,2,10883,1498,9384,"1,506.38",TRUE,,,11130,10883,1498,0,0,0,0,0,0,0,0,0,0,0,0,1,1,"12,763.22","12,763.22"
14076,2,16514,1498,15017,"1,506.38",TRUE,,,14076,16514,1498,0,0,0,0,0,0,0,0,0,0,0,0,1,1,"12,763.22","12,763.22"
78436,2,38734,1499,37235,"1,506.38",TRUE,,,78436,38734,1499,0,0,0,0,0,0,1,0,0,0,0,0,0,1,"13,308.49","13,308.49"
10843,2,8283,1503,6779,"1,506.38",TRUE,,,10843,8283,1503,0,0,0,0,0,0,0,0,0,0,0,0,1,1,"12,763.22","12,763.22"
3574,2,11849,1503,10346,"1,506.38",TRUE,,,3574,11849,1503,0,0,0,0,0,0,0,0,0,0,0,0,1,1,"12,763.22","12,763.22"
87148,2,6929,1504,5426,"1,506.38",TRUE,,,87148,6929,1504,0,0,0,0,0,0,0,0,0,0,0,0,1,1,"12,763.22","12,763.22"
869,2,13411,1505,11905,"1,506.38",TRUE,,,869,13411,1505,0,0,0,0,0,0,0,0,0,0,0,0,1,1,"12,763.22","12,763.22"
71209,2,29193,1506,27687,"1,506.38",TRUE,,,71209,29193,1506,0,0,0,0,0,0,0,0,0,0,0,0,1,1,"12,763.22","12,763.22"
70672,2,9428,1512,7916,"1,506.38",TRUE,,,70672,9428,1512,0,0,0,0,0,0,0,0,0,0,0,0,1,1,"12,763.22","12,763.22"
53587,2,4769,1513,3255,"1,506.38",TRUE,,,53587,4769,1513,0,0,0,0,0,0,0,0,0,0,0,0,1,1,"12,763.22","12,763.22"
65474,2,15097,1513,13585,"1,506.38",TRUE,,,65474,15097,1513,0,0,0,0,0,0,0,0,0,0,0,0,1,1,"12,763.22","12,763.22"
29751,2,6916,1515,5401,"1,506.38",TRUE,,,29751,6916,1515,0,0,0,0,0,0,0,0,0,0,0,0,1,1,"12,763.22","12,763.22"
69047,3,10521,1517,9004,"1,585.66",TRUE,,,69047,10521,1517,1,0,0,1,0,0,0,0,0,0,0,1,0,0,"13,278.30","13,278.30"
4796,2,6227,1518,4709,"1,506.38",TRUE,,,4796,6227,1518,0,0,0,0,0,0,0,0,0,0,0,0,1,1,"12,763.22","12,763.22"
14845,2,10654,1520,9134,"1,506.38",TRUE,,,14845,10654,1520,0,0,0,0,0,0,0,0,0,0,0,0,1,1,"12,763.22","12,763.22"
17251,2,21023,1520,19504,"1,506.38",TRUE,,,17251,21023,1520,0,0,0,0,0,0,0,0,0,0,0,0,1,1,"12,763.22","12,763.22"
59030,2,20673,1522,19153,"1,506.38",TRUE,,,59030,20673,1522,0,0,0,0,0,0,0,0,0,0,0,0,1,1,"12,763.22","12,763.22"
63701,2,25792,1530,24264,"1,506.38",TRUE,,,63701,25792,1530,0,0,0,0,0,0,0,0,0,0,0,0,1,1,"12,763.22","12,763.22"
19620,2,15847,1531,14315,"1,506.38",TRUE,,,19620,15847,1531,0,0,0,0,0,0,0,0,0,0,0,0,1,1,"12,763.22","12,763.22"
9076,2,7882,1535,6346,"1,506.38",TRUE,,,9076,7882,1535,0,0,0,0,0,0,0,0,0,0,0,0,1,1,"12,763.22","12,763.22"
2808,2,10121,1535,8586,"1,506.38",TRUE,,,2808,10121,1535,0,0,0,0,0,0,0,0,0,0,0,0,1,1,"12,763.22","12,763.22"
57018,2,14061,1539,12521,"1,506.38",TRUE,,,57018,14061,1539,0,0,0,0,0,0,0,0,0,0,0,0,1,1,"12,763.22","12,763.22"
76059,2,7213,1540,5673,"1,506.38",TRUE,,,76059,7213,1540,0,0,0,0,0,0,0,0,0,0,0,0,1,1,"12,763.22","12,763.22"
83980,2,19572,1542,18031,"1,506.38",TRUE,,,83980,19572,1542,0,0,0,0,0,0,0,0,0,0,0,0,1,1,"12,763.22","12,763.22"
81653,2,19819,1542,18278,"1,506.38",TRUE,,,81653,19819,1542,0,0,0,0,0,0,0,0,0,0,0,0,1,1,"12,763.22","12,763.22"
64048,2,16319,1545,14772,"1,506.38",TRUE,,,64048,16319,1545,0,0,0,0,0,0,0,0,0,0,0,0,1,1,"12,763.22","12,763.22"
21915,2,4112,1548,2564,"1,506.38",TRUE,,,21915,4112,1548,0,0,0,0,0,0,0,0,0,0,0,0,1,1,"12,763.22","12,763.22"
72710,2,9310,1550,7759,"1,506.38",TRUE,,,72710,9310,1550,0,0,0,0,0,0,0,0,0,0,0,0,1,1,"12,763.22","12,763.22"
56077,2,12694,1550,11144,"1,506.38",TRUE,,,56077,12694,1550,0,0,0,0,0,0,0,0,0,0,0,0,1,1,"12,763.22","12,763.22"
38695,2,12536,1555,10980,"1,585.66",TRUE,,,38695,12536,1555,0,0,0,0,0,0,0,0,0,0,0,1,1,0,"15,308.01","15,308.01"
13268,2,8593,1556,7038,"1,585.66",TRUE,,,13268,8593,1556,0,0,0,0,0,0,0,0,0,0,0,1,1,0,"15,308.01","15,308.01"
21634,2,29633,1556,28076,"1,506.38",TRUE,,,21634,29633,1556,0,0,0,0,0,0,0,0,0,0,0,0,1,1,"12,763.22","12,763.22"
30791,2,13162,1561,11602,"1,506.38",TRUE,,,30791,13162,1561,0,0,0,0,0,0,0,0,0,0,0,0,1,1,"12,763.22","12,763.22"
12542,2,30183,1565,28619,"1,506.38",TRUE,,,12542,30183,1565,0,0,0,0,0,0,0,0,0,0,0,0,1,1,"12,763.22","12,763.22"
14480,2,7383,1570,5814,"1,506.38",TRUE,,,14480,7383,1570,0,0,0,0,0,0,0,0,0,0,0,0,1,1,"12,763.22","12,763.22"
10140,2,11418,1570,9847,"1,506.38",TRUE,,,10140,11418,1570,0,0,0,0,0,0,0,0,0,0,0,0,1,1,"12,763.22","12,763.22"
9589,2,7233,1572,5663,"1,506.38",TRUE,,,9589,7233,1572,0,0,0,0,0,0,0,0,0,0,0,0,1,1,"12,763.22","12,763.22"
44339,2,8654,1573,7080,"1,506.38",TRUE,,,44339,8654,1573,0,0,0,0,0,0,0,0,0,0,0,0,1,1,"12,763.22","12,763.22"
79418,2,8456,1574,6882,"1,506.38",TRUE,,,79418,8456,1574,0,0,0,0,0,0,0,0,0,0,0,0,1,1,"12,763.22","12,763.22"
78949,2,9563,1574,7990,"1,506.38",TRUE,,,78949,9563,1574,0,0,0,0,0,0,0,0,0,0,0,0,1,1,"12,763.22","12,763.22"
50708,2,7854,1575,6279,"1,585.66",TRUE,,,50708,7854,1575,0,0,0,0,0,0,0,0,0,0,0,1,1,0,"15,308.01","15,308.01"
10199,2,9555,1578,7978,"1,506.38",TRUE,,,10199,9555,1578,0,0,0,0,0,0,0,0,0,0,0,0,1,1,"12,763.22","12,763.22"
50591,2,28070,1578,26492,"1,506.38",TRUE,,,50591,28070,1578,0,0,0,0,0,0,0,0,0,0,0,0,1,1,"12,763.22","12,763.22"
69096,2,12952,1579,11373,"1,506.38",TRUE,,,69096,12952,1579,0,0,0,0,0,0,0,0,0,0,0,0,1,1,"12,763.22","12,763.22"
80325,2,9960,1580,8380,"1,585.66",TRUE,,,80325,9960,1580,0,0,0,0,0,0,0,0,0,0,0,1,1,0,"15,308.01","15,308.01"
19281,2,9132,1586,7545,"1,664.95",TRUE,,,19281,9132,1586,0,0,0,0,0,0,0,0,0,0,1,1,0,0,"14,149.63","14,149.63"
37689,2,9612,1587,8024,"1,585.66",TRUE,,,37689,9612,1587,0,0,0,0,0,0,0,0,0,0,0,1,1,0,"15,308.01","15,308.01"
61762,2,14140,1593,12548,"1,664.95",TRUE,,,61762,14140,1593,0,0,0,0,0,0,0,0,0,0,1,1,0,0,"14,149.63","14,149.63"
45864,2,9589,1594,7995,"1,585.66",TRUE,,,45864,9589,1594,0,0,0,0,0,0,0,0,1,0,0,0,0,1,"10,314.27","10,314.27"
53884,2,4659,1597,3062,"1,585.66",TRUE,,,53884,4659,1597,0,0,0,0,0,0,0,0,0,0,1,0,0,1,"11,604.84","11,604.84"
69070,2,14677,1607,13071,"1,585.66",TRUE,,,69070,14677,1607,0,0,0,0,0,0,0,0,0,2,0,0,0,0,"7,428.54","7,428.54"
16915,2,9746,1608,8138,"1,585.66",TRUE,,,16915,9746,1608,0,0,0,0,0,0,0,0,0,0,1,0,0,1,"11,604.84","11,604.84"
65342,2,11113,1611,9501,"1,585.66",TRUE,,,65342,11113,1611,0,0,0,0,0,0,0,0,0,0,1,0,0,1,"11,604.84","11,604.84"
65185,2,7247,1634,5614,"1,585.66",TRUE,,,65185,7247,1634,0,0,0,0,0,0,0,0,0,0,1,0,0,1,"11,604.84","11,604.84"
32490,2,12461,1643,10818,"1,664.95",TRUE,,,32490,12461,1643,0,0,0,0,0,0,0,0,0,0,1,1,0,0,"14,149.63","14,149.63"
27029,3,12977,1643,11334,"1,664.95",TRUE,,,27029,12977,1643,0,1,1,0,0,0,0,0,0,0,0,1,0,0,"15,614.04","15,614.04"
23861,2,9713,1647,8066,"1,585.66",TRUE,,,23861,9713,1647,0,0,0,0,0,0,0,0,0,0,0,1,1,0,"15,308.01","15,308.01"
70631,2,14032,1650,12383,"1,585.66",TRUE,,,70631,14032,1650,0,0,0,0,0,0,0,0,1,0,0,0,0,1,"10,314.27","10,314.27"
78931,2,10123,1652,8472,"1,664.95",TRUE,,,78931,10123,1652,0,0,0,0,0,0,0,0,0,0,1,1,0,0,"14,149.63","14,149.63"
45393,2,3706,1658,2048,"1,744.23",TRUE,,,45393,3706,1658,0,0,0,0,0,0,0,0,1,1,0,0,0,0,"8,432.23","8,432.23"
5421,2,11935,1658,10277,"1,744.23",TRUE,,,5421,11935,1658,0,0,0,0,0,0,0,0,0,1,1,0,0,0,"9,722.79","9,722.79"
166,2,6441,1671,4771,"1,744.23",TRUE,,,166,6441,1671,0,0,0,0,0,0,0,0,1,1,0,0,0,0,"8,432.23","8,432.23"
72272,2,15571,1691,13881,"1,664.95",TRUE,,,72272,15571,1691,0,0,0,0,0,0,0,0,0,0,1,1,0,0,"14,149.63","14,149.63"
15990,2,12351,1706,10644,"1,744.23",TRUE,,,15990,12351,1706,0,0,0,0,0,0,0,0,1,1,0,0,0,0,"8,432.23","8,432.23"
3327,2,14574,1706,12867,"1,744.23",TRUE,,,3327,14574,1706,0,0,0,0,0,0,0,0,1,1,0,0,0,0,"8,432.23","8,432.23"
5363,2,9462,1710,7751,"1,664.95",TRUE,,,5363,9462,1710,0,0,0,0,0,0,0,0,0,0,1,1,0,0,"14,149.63","14,149.63"
28811,2,7873,1738,6135,"1,744.23",TRUE,,,28811,7873,1738,0,0,0,0,0,0,0,0,1,1,0,0,0,0,"8,432.23","8,432.23"
82966,2,13439,1745,11694,"1,744.23",TRUE,,,82966,13439,1745,0,0,0,0,0,0,0,0,0,1,1,0,0,0,"9,722.79","9,722.79"
57661,2,10599,1757,8842,"1,744.23",TRUE,,,57661,10599,1757,0,0,0,0,0,0,0,0,1,1,0,0,0,0,"8,432.23","8,432.23"
13367,2,3165,1769,1397,"1,744.23",TRUE,,,13367,3165,1769,0,0,0,0,0,0,0,0,1,1,0,0,0,0,"8,432.23","8,432.23"
21691,2,9600,1772,7827,"1,744.23",TRUE,,,21691,9600,1772,0,0,0,0,0,0,0,0,1,1,0,0,0,0,"8,432.23","8,432.23"
78485,2,13673,1777,11897,"1,744.23",TRUE,,,78485,13673,1777,0,0,0,0,0,0,0,0,1,1,0,0,0,0,"8,432.23","8,432.23"
34405,2,6573,1784,4789,"1,744.23",TRUE,,,34405,6573,1784,0,0,0,0,0,0,0,0,0,0,0,0,2,0,"14,333.81","14,333.81"
3863,2,5978,1818,4161,"1,744.23",TRUE,,,3863,5978,1818,0,0,0,0,0,0,0,0,1,1,0,0,0,0,"8,432.23","8,432.23"
72447,2,7420,1822,5599,"1,744.23",TRUE,,,72447,7420,1822,0,0,0,0,0,0,0,0,1,1,0,0,0,0,"8,432.23","8,432.23"
28464,2,13357,1825,11532,"1,744.23",TRUE,,,28464,13357,1825,0,0,0,0,0,0,0,0,1,1,0,0,0,0,"8,432.23","8,432.23"
67850,2,8436,1830,6606,"1,744.23",TRUE,,,67850,8436,1830,0,0,0,0,0,0,0,0,0,0,0,0,2,0,"14,333.81","14,333.81"
90043,2,13641,1872,11769,"1,902.80",TRUE,,,90043,13641,1872,0,0,0,0,0,0,0,0,2,0,0,0,0,0,"9,435.91","9,435.91"
78840,2,6543,1955,4588,"1,902.80",TRUE,,,78840,6543,1955,0,0,0,0,0,0,0,0,1,0,1,0,0,0,"10,726.48","10,726.48"
15123,3,13163,1969,11193,"2,061.36",TRUE,,,15123,13163,1969,1,0,0,0,0,0,0,0,0,0,1,1,0,0,"16,209.81","16,209.81"
34520,3,20612,1989,18622,"2,061.36",TRUE,,,34520,20612,1989,1,0,0,0,0,0,0,0,0,0,1,1,0,0,"16,209.81","16,209.81"
24414,3,12233,1990,10242,"2,061.36",TRUE,,,24414,12233,1990,1,0,0,0,0,0,0,0,0,0,1,1,0,0,"16,209.81","16,209.81"
41855,3,16035,1994,14042,"2,061.36",TRUE,,,41855,16035,1994,1,0,0,0,0,0,0,0,0,0,1,1,0,0,"16,209.81","16,209.81"
13029,3,15113,1996,13117,"2,061.36",TRUE,,,13029,15113,1996,1,0,0,0,0,0,0,0,0,0,1,1,0,0,"16,209.81","16,209.81"
51722,3,8391,1998,6393,"1,982.08",TRUE,,,51722,8391,1998,0,0,0,0,0,0,0,1,0,0,0,0,0,2,"13,042.83","13,042.83"
41897,3,13990,2006,11983,"2,061.36",TRUE,,,41897,13990,2006,0,1,0,0,0,0,0,0,0,0,1,1,0,0,"16,683.62","16,683.62"
32292,3,10680,2030,8650,"2,061.36",TRUE,,,32292,10680,2030,0,0,0,0,0,0,0,0,0,1,0,0,0,2,"13,173.04","13,173.04"
20784,3,7565,2058,5507,"2,140.65",TRUE,,,20784,7565,2058,0,0,0,0,0,0,0,0,0,0,0,0,1,2,"16,625.68","16,625.68"
67090,3,18567,2062,16506,"2,140.65",TRUE,,,67090,18567,2062,0,0,1,0,0,0,0,0,0,0,0,1,1,0,"18,513.10","18,513.10"
67082,3,14202,2071,12132,"2,061.36",TRUE,,,67082,14202,2071,0,1,0,0,0,0,0,0,0,0,1,1,0,0,"16,683.62","16,683.62"
54866,3,11830,2098,9732,"2,061.36",TRUE,,,54866,11830,2098,1,0,0,0,0,0,0,0,0,0,1,1,0,0,"16,209.81","16,209.81"
11353,3,11259,2102,9158,"2,140.65",TRUE,,,11353,11259,2102,1,0,0,0,0,0,0,0,0,1,1,0,0,0,"11,782.98","11,782.98"
32243,3,17716,2104,15611,"2,061.36",TRUE,,,32243,17716,2104,1,0,0,0,0,0,0,0,0,0,1,1,0,0,"16,209.81","16,209.81"
43877,3,17067,2137,14929,"2,061.36",TRUE,,,43877,17067,2137,0,1,0,0,0,0,0,0,0,0,1,1,0,0,"16,683.62","16,683.62"
88112,3,17000,2138,14862,"2,061.36",TRUE,,,88112,17000,2138,0,1,0,0,0,0,0,0,0,0,1,1,0,0,"16,683.62","16,683.62"
29009,3,13597,2162,11436,"2,219.93",TRUE,,,29009,13597,2162,0,0,0,0,0,1,1,0,0,0,0,1,0,0,"18,687.63","18,687.63"
48231,3,17996,2177,15819,"2,140.65",TRUE,,,48231,17996,2177,0,1,0,0,0,0,0,0,0,1,1,0,0,0,"12,256.79","12,256.79"
85837,3,14308,2192,12115,"2,140.65",TRUE,,,85837,14308,2192,0,1,0,0,0,0,0,0,1,1,0,0,0,0,"10,966.22","10,966.22"
62851,3,9569,2213,7357,"2,219.93",TRUE,,,62851,9569,2213,0,0,0,0,1,0,0,0,0,0,0,0,1,1,"12,945.37","12,945.37"
63990,3,18627,2220,16406,"2,219.93",TRUE,,,63990,18627,2220,0,0,0,0,0,0,0,1,0,1,0,1,0,0,"13,705.58","13,705.58"
37044,3,7613,2231,5382,"2,299.21",TRUE,,,37044,7613,2231,0,0,0,0,0,0,0,0,0,1,0,0,1,1,"14,743.63","14,743.63"
13565,3,18778,2246,16532,"2,299.21",TRUE,,,13565,18778,2246,0,0,0,0,0,0,0,0,0,1,0,0,1,1,"14,743.63","14,743.63"
24661,3,12014,2247,9766,"2,299.21",TRUE,,,24661,12014,2247,0,0,0,0,0,0,1,1,0,0,0,1,0,0,"17,703.48","17,703.48"
22673,3,10019,2260,7758,"2,299.21",TRUE,,,22673,10019,2260,0,0,0,0,0,0,0,0,0,1,0,0,1,1,"14,743.63","14,743.63"
81380,3,25901,2276,23626,"2,299.21",TRUE,,,81380,25901,2276,0,0,0,0,0,1,0,1,0,0,1,0,0,0,"12,426.93","12,426.93"
83527,3,14470,2304,12168,"2,299.21",TRUE,,,83527,14470,2304,0,0,0,0,0,1,0,0,0,0,1,1,0,0,"16,983.98","16,983.98"
38224,3,11891,2305,9585,"2,299.21",TRUE,,,38224,11891,2305,0,0,0,0,0,0,0,0,0,1,0,0,1,1,"14,743.63","14,743.63"
73304,3,16159,2305,13852,"2,378.50",TRUE,,,73304,16159,2305,0,0,0,0,0,0,0,1,1,0,0,1,0,0,"14,709.26","14,709.26"
12690,3,23925,2311,21614,"2,299.21",TRUE,,,12690,23925,2311,0,0,0,0,0,0,0,0,0,1,0,0,1,1,"14,743.63","14,743.63"
9902,3,21246,2319,18926,"2,299.21",TRUE,,,9902,21246,2319,0,0,0,0,0,0,0,0,0,1,0,0,1,1,"14,743.63","14,743.63"
18630,3,14805,2336,12471,"2,299.21",TRUE,,,18630,14805,2336,0,0,0,0,0,1,0,0,0,0,1,1,0,0,"16,983.98","16,983.98"
78386,3,11603,2342,9262,"2,378.50",TRUE,,,78386,11603,2342,0,0,0,0,0,0,0,0,0,1,0,1,1,0,"17,288.42","17,288.42"
25155,4,16881,2351,14530,"2,457.78",TRUE,,,25155,16881,2351,1,1,0,0,0,0,0,0,0,0,1,1,0,0,"18,743.80","18,743.80"
26690,3,40830,2355,38476,"2,457.78",TRUE,,,26690,40830,2355,0,0,0,0,0,0,1,0,0,0,0,1,1,0,"21,286.33","21,286.33"
1099,3,17791,2357,15434,"2,299.21",TRUE,,,1099,17791,2357,0,0,0,0,0,0,0,0,0,1,0,0,1,1,"14,743.63","14,743.63"
17863,3,11745,2361,9384,"2,299.21",TRUE,,,17863,11745,2361,0,0,0,0,0,0,0,1,0,0,0,1,1,0,"17,158.21","17,158.21"
13151,3,14718,2368,12349,"2,457.78",TRUE,,,13151,14718,2368,0,0,0,0,0,0,0,0,0,0,1,0,1,1,"17,037.89","17,037.89"
14753,4,16448,2381,14067,"2,378.50",TRUE,,,14753,16448,2381,0,0,1,1,0,1,0,0,0,0,0,1,0,0,"17,257.55","17,257.55"
65086,3,17726,2384,15343,"2,457.78",TRUE,,,65086,17726,2384,0,0,0,0,0,0,0,0,1,0,0,0,1,1,"15,747.32","15,747.32"
20958,3,10152,2393,7760,"2,378.50",TRUE,,,20958,10152,2393,0,0,0,0,0,0,1,0,0,0,0,0,1,1,"18,741.54","18,741.54"
15719,3,9285,2394,6891,"2,378.50",TRUE,,,15719,9285,2394,0,0,0,0,0,0,0,0,0,1,0,1,1,0,"17,288.42","17,288.42"
56838,3,20103,2397,17706,"2,299.21",TRUE,,,56838,20103,2397,0,0,0,0,0,0,0,0,0,1,0,0,1,1,"14,743.63","14,743.63"
81349,3,15024,2400,12623,"2,457.78",TRUE,,,81349,15024,2400,0,0,0,0,0,0,0,0,1,0,0,0,1,1,"15,747.32","15,747.32"
50476,3,20391,2409,17981,"2,378.50",TRUE,,,50476,20391,2409,0,0,0,0,0,0,1,0,0,0,0,0,1,1,"18,741.54","18,741.54"
3988,3,11291,2411,8880,"2,299.21",TRUE,,,3988,11291,2411,0,0,0,0,0,0,0,1,0,0,0,1,1,0,"17,158.21","17,158.21"
69963,4,5404,2417,2987,"2,537.06",TRUE,,,69963,5404,2417,0,0,0,1,0,1,0,1,0,0,0,1,0,0,"15,902.67","15,902.67"
51169,3,14055,2418,11637,"2,378.50",TRUE,,,51169,14055,2418,0,0,0,0,0,0,0,0,1,1,0,0,0,1,"12,294.68","12,294.68"
77784,4,16261,2420,13841,"2,457.78",TRUE,,,77784,16261,2420,0,2,0,0,0,0,0,0,0,0,1,1,0,0,"19,217.62","19,217.62"
52159,3,18731,2420,16312,"2,457.78",TRUE,,,52159,18731,2420,0,0,0,0,0,0,0,0,0,0,1,0,1,1,"17,037.89","17,037.89"
77883,4,17227,2421,14806,"2,457.78",TRUE,,,77883,17227,2421,2,0,0,0,0,0,0,0,0,0,1,1,0,0,"18,269.99","18,269.99"
55251,3,12276,2440,9835,"2,457.78",TRUE,,,55251,12276,2440,0,0,0,0,0,0,0,0,1,0,0,0,1,1,"15,747.32","15,747.32"
57752,4,16454,2441,14013,"2,457.78",TRUE,,,57752,16454,2441,0,2,0,0,0,0,0,0,0,0,1,1,0,0,"19,217.62","19,217.62"
62620,3,22831,2451,20378,"2,378.50",TRUE,,,62620,22831,2451,0,0,0,0,0,0,1,0,0,0,0,0,1,1,"18,741.54","18,741.54"
60624,3,21002,2453,18547,"2,457.78",TRUE,,,60624,21002,2453,0,0,0,0,0,0,0,0,1,0,0,0,1,1,"15,747.32","15,747.32"
41574,4,24330,2477,21852,"2,457.78",TRUE,,,41574,24330,2477,2,0,0,0,0,0,0,0,0,0,1,1,0,0,"18,269.99","18,269.99"
3541,3,8572,2483,6089,"2,378.50",TRUE,,,3541,8572,2483,0,0,0,0,0,0,0,0,1,1,0,0,0,1,"12,294.68","12,294.68"
86074,3,22979,2484,20495,"2,457.78",TRUE,,,86074,22979,2484,0,0,0,0,0,0,0,0,1,0,0,0,1,1,"15,747.32","15,747.32"
76513,4,17525,2495,15031,"2,457.78",TRUE,,,76513,17525,2495,1,1,0,0,0,0,0,0,0,0,1,1,0,0,"18,743.80","18,743.80"
38596,4,20470,2501,17967,"2,537.06",TRUE,,,38596,20470,2501,1,0,0,1,0,0,0,0,0,0,1,1,0,0,"17,552.97","17,552.97"
85373,4,25683,2518,23164,"2,457.78",TRUE,,,85373,25683,2518,2,0,0,0,0,0,0,0,0,0,1,1,0,0,"18,269.99","18,269.99"
65466,4,24737,2520,22217,"2,457.78",TRUE,,,65466,24737,2520,1,1,0,0,0,0,0,0,0,0,1,1,0,0,"18,743.80","18,743.80"
30015,3,17109,2523,14585,"2,457.78",TRUE,,,30015,17109,2523,0,0,0,0,0,0,1,0,0,0,0,1,1,0,"21,286.33","21,286.33"
86470,3,10578,2539,8039,"2,616.35",TRUE,,,86470,10578,2539,0,0,0,0,0,0,0,0,1,0,1,1,0,0,"17,133.73","17,133.73"
1719,4,16474,2545,13928,"2,457.78",TRUE,,,1719,16474,2545,2,0,0,0,0,0,0,0,0,0,1,1,0,0,"18,269.99","18,269.99"
31062,3,33498,2553,30943,"2,537.06",TRUE,,,31062,33498,2553,0,0,0,0,0,0,0,0,1,0,0,1,1,0,"18,292.11","18,292.11"
24893,3,15096,2562,12534,"2,457.78",TRUE,,,24893,15096,2562,0,0,0,0,0,0,0,0,1,0,0,0,1,1,"15,747.32","15,747.32"
14902,3,13629,2569,11061,"2,457.78",TRUE,,,14902,13629,2569,0,0,0,0,0,0,0,0,1,0,0,0,1,1,"15,747.32","15,747.32"
67884,3,16802,2570,14232,"2,457.78",TRUE,,,67884,16802,2570,0,0,0,0,0,0,0,0,1,0,0,0,1,1,"15,747.32","15,747.32"
31179,4,6103,2581,3522,"2,695.63",TRUE,,,31179,6103,2581,1,0,0,0,1,0,1,0,0,0,0,1,0,0,"18,095.61","18,095.61"
16048,4,17846,2628,15217,"2,537.06",TRUE,,,16048,17846,2628,1,0,0,1,0,0,0,0,0,0,1,1,0,0,"17,552.97","17,552.97"
35196,4,8619,2631,5988,"2,695.63",TRUE,,,35196,8619,2631,0,0,1,1,0,0,0,0,0,0,1,1,0,0,"18,697.88","18,697.88"
77693,4,22712,2632,20081,"2,537.06",TRUE,,,77693,22712,2632,1,0,0,1,0,0,0,0,0,0,1,1,0,0,"17,552.97","17,552.97"
30775,4,12986,2641,10346,"2,537.06",TRUE,,,30775,12986,2641,1,1,0,0,0,0,0,0,1,1,0,0,0,0,"13,026.40","13,026.40"
11254,4,20965,2652,18312,"2,537.06",TRUE,,,11254,20965,2652,0,1,0,0,0,0,0,0,0,1,0,1,0,1,"18,251.82","18,251.82"
7047,4,36315,2657,33658,"2,537.06",TRUE,,,7047,36315,2657,0,1,0,1,0,0,0,0,0,0,1,1,0,0,"18,026.78","18,026.78"
9597,4,12002,2660,9343,"2,695.63",TRUE,,,9597,12002,2660,0,1,1,0,0,0,0,0,1,1,0,0,0,0,"14,171.30","14,171.30"
26112,4,6346,2680,3666,"2,695.63",TRUE,,,26112,6346,2680,0,1,0,0,0,0,0,1,1,0,0,0,0,1,"14,698.47","14,698.47"
51177,4,18991,2706,16285,"2,616.35",TRUE,,,51177,18991,2706,0,1,1,0,0,0,0,0,0,0,1,1,0,0,"19,888.71","19,888.71"
45369,3,9593,2713,6881,"2,695.63",TRUE,,,45369,9593,2713,0,0,0,0,0,0,0,0,1,1,1,0,0,0,"12,706.89","12,706.89"
35360,4,11492,2715,8777,"2,616.35",TRUE,,,35360,11492,2715,0,1,1,0,0,0,0,0,0,0,1,1,0,0,"19,888.71","19,888.71"
83725,4,14798,2716,12083,"2,695.63",TRUE,,,83725,14798,2716,0,0,1,1,0,0,0,0,0,0,1,1,0,0,"18,697.88","18,697.88"
76786,4,14892,2716,12177,"2,774.91",TRUE,,,76786,14892,2716,0,0,2,0,0,0,0,0,0,0,1,1,0,0,"20,559.80","20,559.80"
69120,4,17868,2732,15136,"2,695.63",TRUE,,,69120,17868,2732,0,1,0,0,0,1,0,0,0,0,1,1,0,0,"19,517.97","19,517.97"
53223,4,28048,2744,25304,"2,774.91",TRUE,,,53223,28048,2744,1,0,0,1,0,0,0,0,0,0,2,0,0,0,"15,420.39","15,420.39"
35410,4,12843,2754,10089,"2,854.20",TRUE,,,35410,12843,2754,0,0,0,0,0,1,0,1,0,0,0,0,1,1,"17,447.77","17,447.77"
12799,4,24016,2785,21232,"2,854.20",TRUE,,,12799,24016,2785,0,0,0,0,0,2,0,0,0,0,0,1,1,0,"20,976.70","20,976.70"
5652,4,17010,2786,14223,"2,695.63",TRUE,,,5652,17010,2786,0,1,1,0,0,0,0,0,0,1,1,0,0,0,"15,461.87","15,461.87"
21816,5,9015,2789,6227,"2,933.48",TRUE,,,21816,9015,2789,0,2,0,1,0,0,0,0,0,0,1,1,0,0,"20,560.78","20,560.78"
89755,4,9353,2805,6548,"2,695.63",TRUE,,,89755,9353,2805,1,0,1,0,0,0,0,0,0,1,1,0,0,0,"14,988.06","14,988.06"
75697,4,15201,2822,12379,"2,933.48",TRUE,,,75697,15201,2822,0,0,0,0,0,1,0,0,0,1,0,0,1,1,"17,577.98","17,577.98"
36624,5,26494,2823,23673,"2,854.20",TRUE,,,36624,26494,2823,2,1,0,0,0,0,0,0,0,0,1,1,0,0,"20,803.99","20,803.99"
836,4,22750,2827,19922,"2,695.63",TRUE,,,836,22750,2827,0,0,1,1,0,0,0,0,0,0,1,1,0,0,"18,697.88","18,697.88"
19018,4,12070,2839,9232,"2,854.20",TRUE,,,19018,12070,2839,0,0,0,0,1,1,0,0,0,0,0,0,1,1,"15,779.71","15,779.71"
38166,4,27931,2856,25076,"2,854.20",TRUE,,,38166,27931,2856,0,0,1,0,0,0,0,0,0,1,0,0,1,1,"17,948.72","17,948.72"
33993,4,14988,2859,12130,"2,933.48",TRUE,,,33993,14988,2859,0,0,0,0,0,0,0,1,0,0,1,0,0,2,"17,317.50","17,317.50"
67926,4,21431,2860,18569,"2,774.91",TRUE,,,67926,21431,2860,0,0,2,0,0,0,0,0,0,0,1,1,0,0,"20,559.80","20,559.80"
11924,5,10088,2869,7218,"2,933.48",TRUE,,,11924,10088,2869,1,2,0,0,0,0,0,0,0,1,1,0,0,0,"16,850.96","16,850.96"
35899,4,21093,2874,18219,"2,854.20",TRUE,,,35899,21093,2874,0,0,0,1,1,0,0,0,0,0,1,1,0,0,"15,674.94","15,674.94"
10132,4,9594,2884,6710,"2,933.48",TRUE,,,10132,9594,2884,0,0,0,0,0,0,0,1,0,2,0,0,0,1,"13,141.20","13,141.20"
34132,5,22546,2889,19658,"3,012.76",TRUE,,,34132,22546,2889,0,1,0,2,0,0,0,0,0,0,1,1,0,0,"19,369.95","19,369.95"
33183,4,10694,2891,7803,"2,854.20",TRUE,,,33183,10694,2891,0,0,0,0,3,0,0,0,0,0,0,1,0,0,"10,421.41","10,421.41"
18127,4,11474,2896,8578,"2,933.48",TRUE,,,18127,11474,2896,0,0,0,0,1,0,0,1,0,1,0,1,0,0,"13,887.73","13,887.73"
86181,5,18690,2904,15786,"3,012.76",TRUE,,,86181,18690,2904,1,0,0,2,0,0,0,0,0,0,1,1,0,0,"18,896.13","18,896.13"
73098,4,15832,2914,12917,"2,933.48",TRUE,,,73098,15832,2914,0,0,1,0,1,0,0,0,0,0,1,1,0,0,"17,536.86","17,536.86"
50971,5,18175,2914,15262,"2,854.20",TRUE,,,50971,18175,2914,0,2,1,0,0,0,0,0,0,0,0,0,1,1,"21,036.29","21,036.29"
69138,4,12320,2923,9397,"2,933.48",TRUE,,,69138,12320,2923,0,0,1,0,1,0,0,0,0,0,1,1,0,0,"17,536.86","17,536.86"
2303,4,31509,2927,28582,"2,854.20",TRUE,,,2303,31509,2927,0,0,1,0,1,0,0,0,0,0,0,1,1,0,"18,695.24","18,695.24"
20222,5,26662,2929,23732,"3,012.76",TRUE,,,20222,26662,2929,1,1,1,0,0,0,0,0,0,0,1,1,0,0,"21,948.89","21,948.89"
26724,5,40150,2941,37209,"2,933.48",TRUE,,,26724,40150,2941,2,0,0,1,0,0,0,0,0,0,1,1,0,0,"19,613.15","19,613.15"
56754,5,12602,2955,9648,"3,092.05",TRUE,,,56754,12602,2955,1,0,1,1,0,0,0,0,0,0,1,1,0,0,"20,758.06","20,758.06"
68924,5,12835,2965,9869,"3,012.76",TRUE,,,68924,12835,2965,0,1,0,2,0,0,0,0,0,0,1,1,0,0,"19,369.95","19,369.95"
83121,4,17559,2968,14592,"2,933.48",TRUE,,,83121,17559,2968,0,0,1,0,1,0,0,0,0,0,1,1,0,0,"17,536.86","17,536.86"
2220,5,14564,2976,11588,"3,092.05",TRUE,,,2220,14564,2976,1,1,1,0,0,0,0,0,1,1,0,0,0,0,"16,231.49","16,231.49"
63073,5,13093,2979,10112,"3,012.76",TRUE,,,63073,13093,2979,1,1,0,1,0,0,0,0,1,1,0,0,0,0,"14,369.56","14,369.56"
58537,4,35161,2982,32178,"3,092.05",TRUE,,,58537,35161,2982,0,0,0,0,0,1,0,0,1,0,0,0,1,1,"18,581.66","18,581.66"
24588,5,20957,2994,17964,"3,092.05",TRUE,,,24588,20957,2994,1,0,1,1,0,0,0,0,0,0,1,1,0,0,"20,758.06","20,758.06"
74955,4,10208,3016,7191,"3,092.05",TRUE,,,74955,10208,3016,0,0,0,0,0,0,0,1,1,1,0,0,0,1,"14,144.89","14,144.89"
28027,5,14568,3018,11551,"3,092.05",TRUE,,,28027,14568,3018,1,1,1,0,0,0,0,0,1,1,0,0,0,0,"16,231.49","16,231.49"
39784,5,23174,3018,20157,"3,171.33",TRUE,,,39784,23174,3018,1,0,1,1,0,0,0,0,0,1,1,0,0,0,"16,331.22","16,331.22"
72587,4,12594,3019,9574,"3,092.05",TRUE,,,72587,12594,3019,0,0,0,0,1,0,0,1,0,0,1,1,0,0,"16,181.98","16,181.98"
68965,4,6722,3020,3703,"3,171.33",TRUE,,,68965,6722,3020,0,0,0,0,0,0,0,0,0,4,0,0,0,0,"11,389.36","11,389.36"
34215,5,22709,3027,19682,"3,171.33",TRUE,,,34215,22709,3027,1,0,2,0,0,0,0,0,0,0,1,1,0,0,"22,619.98","22,619.98"
61531,4,18958,3031,15928,"3,092.05",TRUE,,,61531,18958,3031,0,0,0,0,0,0,0,0,0,2,0,0,1,1,"16,724.04","16,724.04"
8250,4,12861,3087,9775,"3,092.05",TRUE,,,8250,12861,3087,1,0,0,0,0,0,0,0,1,1,1,0,0,0,"14,767.08","14,767.08"
48017,5,19138,3097,16043,"3,092.05",TRUE,,,48017,19138,3097,1,1,0,0,0,0,0,0,0,0,1,1,0,1,"22,606.26","22,606.26"
39388,5,15635,3102,12533,"3,092.05",TRUE,,,39388,15635,3102,1,0,1,1,0,0,0,0,0,0,1,1,0,0,"20,758.06","20,758.06"
42143,5,9311,3104,6207,"3,171.33",TRUE,,,42143,9311,3104,1,0,1,1,0,0,0,0,0,1,1,0,0,0,"16,331.22","16,331.22"
71373,4,10681,3105,7576,"3,250.61",TRUE,,,71373,10681,3105,0,0,0,0,0,0,0,0,1,1,0,0,1,1,"17,727.73","17,727.73"
48959,5,15244,3115,12128,"3,171.33",TRUE,,,48959,15244,3115,1,0,2,0,0,0,0,0,0,0,1,1,0,0,"22,619.98","22,619.98"
59493,4,19459,3128,16331,"3,092.05",TRUE,,,59493,19459,3128,0,0,0,0,0,0,0,0,0,2,0,0,1,1,"16,724.04","16,724.04"
29843,5,24599,3128,21472,"3,092.05",TRUE,,,29843,24599,3128,0,1,1,1,0,0,0,0,0,0,1,1,0,0,"21,231.87","21,231.87"
89524,4,21217,3137,18079,"3,250.61",TRUE,,,89524,21217,3137,0,0,0,0,0,0,1,0,1,1,0,0,0,1,"18,273.00","18,273.00"
58206,5,33490,3146,30344,"3,012.76",TRUE,,,58206,33490,3146,0,1,0,2,0,0,0,0,0,0,1,1,0,0,"19,369.95","19,369.95"
73270,4,10342,3151,7190,"3,012.76",TRUE,,,73270,10342,3151,0,0,0,0,0,0,0,1,0,1,0,0,1,1,"16,593.83","16,593.83"
16907,5,18408,3152,15257,"3,171.33",TRUE,,,16907,18408,3152,0,2,0,0,0,0,0,0,1,1,0,0,0,1,"17,362.67","17,362.67"
76943,5,15750,3153,12598,"3,250.61",TRUE,,,76943,15750,3153,0,1,2,0,0,0,0,0,0,1,1,0,0,0,"18,666.96","18,666.96"
54171,4,9211,3155,6057,"3,092.05",TRUE,,,54171,9211,3155,0,0,0,1,0,0,0,0,1,0,1,1,0,0,"18,476.89","18,476.89"
50856,5,20796,3172,17624,"3,329.89",TRUE,,,50856,20796,3172,1,0,1,0,1,0,0,0,0,0,1,1,0,0,"19,597.05","19,597.05"
67835,4,16606,3182,13424,"3,092.05",TRUE,,,67835,16606,3182,0,0,0,0,0,0,0,0,0,2,0,0,1,1,"16,724.04","16,724.04"
35741,4,27565,3184,24380,"3,092.05",TRUE,,,35741,27565,3184,0,0,0,0,0,1,1,0,0,0,0,1,1,0,"24,120.67","24,120.67"
15164,4,19314,3187,16127,"3,329.89",TRUE,,,15164,19314,3187,0,0,0,0,1,0,0,0,1,0,1,1,0,0,"17,315.88","17,315.88"
48603,5,39380,3189,36192,"3,171.33",TRUE,,,48603,39380,3189,0,1,2,0,0,0,0,0,0,0,1,1,0,0,"23,093.79","23,093.79"
64089,5,17198,3204,13994,"3,171.33",TRUE,,,64089,17198,3204,0,1,2,0,0,0,0,0,0,0,1,1,0,0,"23,093.79","23,093.79"
38109,4,27053,3206,23848,"3,250.61",TRUE,,,38109,27053,3206,0,0,0,0,0,0,0,0,1,1,0,0,1,1,"17,727.73","17,727.73"
89722,4,26588,3221,23367,"3,092.05",TRUE,,,89722,26588,3221,0,0,0,0,2,0,0,0,0,0,1,1,0,0,"14,513.93","14,513.93"
81570,5,15013,3225,11789,"3,329.89",TRUE,,,81570,15013,3225,1,0,1,0,1,0,0,0,0,0,1,1,0,0,"19,597.05","19,597.05"
9803,5,15908,3225,12684,"3,250.61",TRUE,,,9803,15908,3225,1,0,1,0,0,1,0,0,0,0,1,1,0,0,"22,249.24","22,249.24"
60418,4,34224,3226,30998,"3,171.33",TRUE,,,60418,34224,3226,0,0,0,0,1,0,0,0,0,1,1,1,0,0,"16,312.19","16,312.19"
83717,4,16304,3233,13069,"3,092.05",TRUE,,,83717,16304,3233,0,0,0,0,0,0,0,0,0,2,0,0,1,1,"16,724.04","16,724.04"
13599,4,25723,3238,22484,"3,092.05",TRUE,,,13599,25723,3238,0,0,0,0,1,0,0,1,0,0,1,1,0,0,"16,181.98","16,181.98"
71241,5,16639,3239,13401,"3,329.89",TRUE,,,71241,16639,3239,0,1,1,0,1,0,0,0,0,0,1,1,0,0,"20,070.86","20,070.86"
21212,5,25093,3245,21847,"3,171.33",TRUE,,,21212,25093,3245,1,0,0,1,0,1,0,0,0,0,1,1,0,0,"20,387.32","20,387.32"
6031,4,21469,3252,18216,"3,409.18",TRUE,,,6031,21469,3252,0,0,0,0,0,0,0,0,2,0,0,0,1,1,"18,731.42","18,731.42"
32771,4,24856,3257,21598,"3,171.33",TRUE,,,32771,24856,3257,0,0,0,0,0,0,0,0,0,2,0,1,1,0,"19,268.83","19,268.83"
27086,4,13741,3262,10478,"3,329.89",TRUE,,,27086,13741,3262,0,0,0,0,0,0,0,0,1,3,0,0,0,0,"12,393.05","12,393.05"
16691,4,14464,3265,11199,"3,329.89",TRUE,,,16691,14464,3265,0,0,0,0,0,0,0,0,1,1,0,1,1,0,"20,272.52","20,272.52"
49056,5,32321,3288,29034,"3,329.89",TRUE,,,49056,32321,3288,0,0,0,2,1,0,0,0,0,0,1,1,0,0,"17,018.10","17,018.10"
35568,4,18426,3289,15137,"3,171.33",TRUE,,,35568,18426,3289,0,0,0,0,0,0,1,0,0,1,0,0,1,1,"20,721.95","20,721.95"
15198,5,15425,3297,12129,"3,171.33",TRUE,,,15198,15425,3297,0,1,0,1,0,1,0,0,0,0,1,1,0,0,"20,861.13","20,861.13"
11478,4,20181,3299,16883,"3,329.89",TRUE,,,11478,20181,3299,0,0,0,0,0,0,1,0,0,1,1,1,0,0,"22,108.36","22,108.36"
12716,5,15612,3315,12297,"3,329.89",TRUE,,,12716,15612,3315,0,0,0,2,1,0,0,0,0,0,1,1,0,0,"17,018.10","17,018.10"
10058,5,21612,3324,18287,"3,488.46",TRUE,,,10058,21612,3324,0,0,0,1,1,1,0,0,0,0,1,1,0,0,"18,509.29","18,509.29"
40683,5,24426,3332,21094,"3,488.46",TRUE,,,40683,24426,3332,0,0,2,0,1,0,0,0,0,0,1,1,0,0,"20,741.95","20,741.95"
11031,4,31324,3336,27987,"3,409.18",TRUE,,,11031,31324,3336,0,0,0,0,0,0,0,0,2,0,0,0,1,1,"18,731.42","18,731.42"
9910,4,21179,3362,17817,"3,250.61",TRUE,,,9910,21179,3362,0,0,0,0,0,0,0,0,1,1,0,0,1,1,"17,727.73","17,727.73"
21527,5,19913,3368,16544,"3,409.18",TRUE,,,21527,19913,3368,0,1,0,0,1,1,0,0,0,0,1,1,0,0,"19,700.12","19,700.12"
38489,5,16176,3370,12806,"3,329.89",TRUE,,,38489,16176,3370,0,0,0,2,1,0,0,0,0,0,1,1,0,0,"17,018.10","17,018.10"
15792,4,18279,3380,14899,"3,409.18",TRUE,,,15792,18279,3380,0,0,0,0,0,0,0,0,2,0,0,0,1,1,"18,731.42","18,731.42"
3277,5,17975,3390,14584,"3,488.46",TRUE,,,3277,17975,3390,0,0,1,0,0,0,1,1,0,0,0,1,0,1,"24,771.03","24,771.03"
41640,4,12728,3396,9331,"3,250.61",TRUE,,,41640,12728,3396,0,0,0,0,0,0,0,0,0,1,1,0,1,1,"19,018.30","19,018.30"
74880,4,28665,3404,25261,"3,488.46",TRUE,,,74880,28665,3404,0,0,0,0,0,0,1,0,1,0,1,1,0,0,"23,112.05","23,112.05"
37523,4,9299,3413,5887,"3,250.61",TRUE,,,37523,9299,3413,0,0,0,0,0,0,0,0,0,1,1,0,1,1,"19,018.30","19,018.30"
21170,5,20691,3420,17270,"3,329.89",TRUE,,,21170,20691,3420,0,0,1,1,0,0,0,0,0,0,1,1,0,1,"22,560.33","22,560.33"
58719,5,20588,3431,17158,"3,488.46",TRUE,,,58719,20588,3431,0,0,0,1,2,0,0,0,0,0,0,1,1,0,"17,015.47","17,015.47"
32789,4,24125,3434,20692,"3,409.18",TRUE,,,32789,24125,3434,0,0,0,0,0,0,0,0,2,0,0,0,1,1,"18,731.42","18,731.42"
13334,5,53764,3447,50316,"3,329.89",TRUE,,,13334,53764,3447,0,0,2,0,0,1,0,0,0,0,0,1,1,0,"24,552.53","24,552.53"
12708,5,28452,3451,25001,"3,488.46",TRUE,,,12708,28452,3451,0,0,1,0,0,2,0,0,0,0,1,1,0,0,"23,023.41","23,023.41"
2352,5,24091,3454,20638,"3,409.18",TRUE,,,2352,24091,3454,0,0,0,1,0,2,0,0,0,0,1,1,0,0,"21,161.48","21,161.48"
8326,5,14637,3461,11176,"3,488.46",TRUE,,,8326,14637,3461,0,0,0,1,0,1,0,1,0,0,1,1,0,0,"20,177.34","20,177.34"
52431,5,15949,3470,12479,"3,647.03",TRUE,,,52431,15949,3470,0,0,0,0,1,2,0,0,0,0,1,1,0,0,"20,000.47","20,000.47"
80259,5,27787,3475,24311,"3,488.46",TRUE,,,80259,27787,3475,0,0,0,1,1,1,0,0,0,0,1,1,0,0,"18,509.29","18,509.29"
20693,5,19092,3477,15615,"3,488.46",TRUE,,,20693,19092,3477,0,0,0,1,1,1,0,0,0,0,1,1,0,0,"18,509.29","18,509.29"
26161,4,29493,3483,26009,"3,488.46",TRUE,,,26161,29493,3483,0,0,0,0,0,0,0,0,2,0,0,1,1,0,"21,276.21","21,276.21"
80499,4,48118,3523,44596,"3,409.18",TRUE,,,80499,48118,3523,0,0,0,0,0,0,1,0,1,0,0,1,1,0,"24,270.43","24,270.43"
65375,5,20433,3537,16896,"3,647.03",TRUE,,,65375,20433,3537,0,0,1,0,0,0,0,0,0,2,0,0,1,1,"19,929.13","19,929.13"
81562,5,11541,3545,7996,"3,488.46",TRUE,,,81562,11541,3545,1,0,0,0,1,0,0,1,0,0,1,1,0,0,"18,242.16","18,242.16"
14712,5,35700,3559,32140,"3,647.03",TRUE,,,14712,35700,3559,0,0,0,0,0,2,0,0,0,1,0,1,1,0,"22,957.11","22,957.11"
88914,5,20445,3574,16870,"3,409.18",TRUE,,,88914,20445,3574,2,0,0,0,0,0,0,0,1,0,1,1,0,0,"21,254.09","21,254.09"
19976,5,49917,3592,46325,"3,567.74",TRUE,,,19976,49917,3592,0,0,1,0,1,1,0,0,0,0,1,1,0,0,"20,371.21","20,371.21"
18895,6,14758,3598,11159,"3,647.03",TRUE,,,18895,14758,3598,0,1,1,2,0,0,0,0,0,1,1,0,0,0,"18,148.19","18,148.19"
66746,5,15574,3611,11963,"3,647.03",TRUE,,,66746,15574,3611,0,0,0,1,0,1,1,0,0,0,1,1,0,0,"24,305.46","24,305.46"
38919,5,16716,3622,13094,"3,488.46",TRUE,,,38919,16716,3622,0,0,2,0,1,0,0,0,0,0,1,1,0,0,"20,741.95","20,741.95"
29785,5,34021,3626,30394,"3,567.74",TRUE,,,29785,34021,3626,0,0,0,1,1,0,0,1,0,0,1,1,0,0,"17,525.14","17,525.14"
22004,6,13048,3629,9419,"3,567.74",TRUE,,,22004,13048,3629,2,0,2,0,0,0,0,0,0,0,1,1,0,0,"24,680.16","24,680.16"
55343,5,20872,3633,17239,"3,805.59",TRUE,,,55343,20872,3633,0,0,1,0,1,0,1,0,0,0,1,1,0,0,"23,515.18","23,515.18"
40386,6,31269,3635,27636,"3,567.74",TRUE,,,40386,31269,3635,0,2,2,0,0,0,0,0,0,0,1,1,0,0,"25,627.79","25,627.79"
38091,6,25634,3639,21997,"3,488.46",TRUE,,,38091,25634,3639,0,2,1,1,0,0,0,0,0,0,1,1,0,0,"23,765.86","23,765.86"
22178,6,11787,3652,8135,"3,488.46",TRUE,,,22178,11787,3652,0,1,0,3,0,0,0,0,0,0,1,1,0,0,"20,713.11","20,713.11"
48785,5,32641,3685,28957,"3,805.59",TRUE,,,48785,32641,3685,0,0,0,1,0,0,1,0,0,1,1,1,0,0,"23,451.52","23,451.52"
7641,6,21330,3704,17625,"3,567.74",TRUE,,,7641,21330,3704,1,1,2,0,0,0,0,0,0,0,1,1,0,0,"25,153.98","25,153.98"
17756,4,16299,3713,12585,"3,567.74",TRUE,,,17756,16299,3713,0,0,0,0,0,0,0,0,2,0,1,1,0,0,"20,117.83","20,117.83"
69641,5,40071,3718,36352,"3,805.59",TRUE,,,69641,40071,3718,0,0,0,0,0,0,0,1,0,2,0,0,1,1,"18,574.25","18,574.25"
38372,5,14573,3725,10847,"3,567.74",TRUE,,,38372,14573,3725,0,0,1,0,0,1,0,1,0,0,1,1,0,0,"22,039.26","22,039.26"
55137,5,19043,3737,15307,"3,884.88",TRUE,,,55137,19043,3737,0,0,1,0,1,0,0,0,1,0,1,1,0,0,"20,520.96","20,520.96"
52894,5,35219,3767,31452,"3,647.03",TRUE,,,52894,35219,3767,0,0,1,0,0,0,0,2,0,0,1,1,0,0,"21,055.12","21,055.12"
43836,5,17014,3771,13242,"3,647.03",TRUE,,,43836,17014,3771,0,0,0,1,0,1,1,0,0,0,1,1,0,0,"24,305.46","24,305.46"
90183,5,29799,3777,26022,"3,964.16",TRUE,,,90183,29799,3777,0,0,0,0,0,1,0,1,1,0,1,1,0,0,"21,818.28","21,818.28"
30452,5,14856,3784,11072,"3,884.88",TRUE,,,30452,14856,3784,0,0,0,0,1,0,0,1,0,1,1,1,0,0,"18,162.39","18,162.39"
65946,5,29754,3790,25963,"3,964.16",TRUE,,,65946,29754,3790,0,0,0,0,0,0,1,1,0,1,0,1,1,0,"25,116.95","25,116.95"
59,5,19979,3798,16180,"3,964.16",TRUE,,,59,19979,3798,0,0,0,0,0,0,0,0,1,0,0,0,2,2,"25,042.82","25,042.82"
21261,5,22243,3808,18434,"3,647.03",TRUE,,,21261,22243,3808,0,0,0,1,0,0,0,1,0,1,1,1,0,0,"19,323.41","19,323.41"
27516,5,21577,3821,17756,"3,726.31",TRUE,,,27516,21577,3821,0,0,0,1,1,0,1,0,0,0,1,1,0,0,"21,653.26","21,653.26"
87098,6,14244,3823,10421,"3,647.03",TRUE,,,87098,14244,3823,0,1,0,2,0,1,0,0,0,0,1,1,0,0,"22,204.29","22,204.29"
87569,6,27493,3828,23665,"3,964.16",TRUE,,,87569,27493,3828,1,0,0,1,0,1,0,0,0,1,1,1,0,0,"22,367.73","22,367.73"
39727,6,18575,3835,14741,"3,964.16",TRUE,,,39727,18575,3835,1,1,0,0,0,0,0,1,0,1,1,1,0,0,"22,574.42","22,574.42"
86728,6,16508,3862,12646,"3,964.16",TRUE,,,86728,16508,3862,0,0,1,1,0,2,0,0,0,0,1,1,0,0,"24,366.57","24,366.57"
1826,5,19593,3862,15731,"3,884.88",TRUE,,,1826,19593,3862,0,0,0,0,0,0,1,2,0,0,0,1,1,0,"24,986.74","24,986.74"
90035,6,16590,3902,12688,"4,043.44",TRUE,,,90035,16590,3902,1,0,1,0,2,0,0,0,0,0,1,1,0,0,"19,779.19","19,779.19"
51672,5,7471,3933,3538,"3,805.59",TRUE,,,51672,7471,3933,0,0,0,0,1,1,0,0,1,0,0,0,1,1,"18,763.81","18,763.81"
87270,6,15862,3940,11919,"3,805.59",TRUE,,,87270,15862,3940,1,0,1,1,1,0,0,0,0,0,1,1,0,0,"20,940.21","20,940.21"
45542,5,21014,3953,17061,"3,964.16",TRUE,,,45542,21014,3953,0,0,0,0,2,0,1,0,0,0,1,1,0,0,"20,492.25","20,492.25"
81034,6,23879,3968,19911,"3,884.88",TRUE,,,81034,23879,3968,2,0,0,0,0,0,0,1,1,1,0,0,0,1,"18,265.25","18,265.25"
47779,5,23407,3984,19423,"4,043.44",TRUE,,,47779,23407,3984,0,0,0,0,1,0,0,1,1,0,1,1,0,0,"19,166.08","19,166.08"
53645,5,19701,3989,15712,"4,043.44",TRUE,,,53645,19701,3989,0,0,0,0,0,1,1,0,1,0,0,1,1,0,"27,104.77","27,104.77"
19646,5,23420,4017,19402,"3,964.16",TRUE,,,19646,23420,4017,0,0,0,0,1,0,0,0,1,1,0,0,1,1,"17,909.88","17,909.88"
76653,5,23521,4017,19505,"3,884.88",TRUE,,,76653,23521,4017,0,0,1,0,0,0,0,1,1,0,1,1,0,0,"22,189.02","22,189.02"
27508,5,10066,4037,6029,"3,884.88",TRUE,,,27508,10066,4037,0,0,0,0,0,0,0,1,0,2,0,1,1,0,"21,119.04","21,119.04"
28670,6,20666,4048,16619,"4,122.73",TRUE,,,28670,20666,4048,0,0,0,1,2,1,0,0,0,0,0,1,1,0,"19,849.81","19,849.81"
86561,5,9510,4050,5461,"4,202.01",TRUE,,,86561,9510,4050,0,0,0,0,0,0,0,0,1,1,1,0,1,1,"22,002.40","22,002.40"
29116,5,22533,4057,18476,"4,043.44",TRUE,,,29116,22533,4057,0,0,0,0,0,0,0,0,1,2,0,0,1,1,"19,708.14","19,708.14"
66282,5,25927,4068,21861,"4,043.44",TRUE,,,66282,25927,4068,0,0,0,0,0,0,0,0,1,2,0,0,1,1,"19,708.14","19,708.14"
10264,5,24958,4075,20884,"4,043.44",TRUE,,,10264,24958,4075,0,0,1,0,0,0,1,0,1,0,1,1,0,0,"26,317.13","26,317.13"
58040,5,17180,4102,13078,"4,281.29",TRUE,,,58040,17180,4102,0,0,0,0,0,0,0,0,2,1,0,1,1,0,"23,256.62","23,256.62"
24067,5,20145,4106,16039,"4,043.44",TRUE,,,24067,20145,4106,0,0,0,0,1,0,1,0,1,0,0,0,1,1,"21,907.79","21,907.79"
84483,7,22740,4126,18614,"4,122.73",TRUE,,,84483,22740,4126,0,1,0,3,0,1,0,0,0,0,1,1,0,0,"23,547.45","23,547.45"
86132,5,25436,4130,21305,"4,202.01",TRUE,,,86132,25436,4130,0,0,0,0,0,0,0,0,2,1,0,0,1,1,"20,711.83","20,711.83"
20016,5,17232,4139,13093,"4,122.73",TRUE,,,20016,17232,4139,0,0,0,0,1,0,0,0,2,0,0,0,1,1,"18,913.57","18,913.57"
29140,6,15943,4142,11800,"4,043.44",TRUE,,,29140,15943,4142,1,0,0,0,1,2,0,0,0,0,1,1,0,0,"22,060.65","22,060.65"
24174,6,20105,4150,15956,"4,281.29",TRUE,,,24174,20105,4150,1,0,1,0,0,0,0,1,1,0,1,1,0,0,"24,249.20","24,249.20"
19323,5,19185,4184,14999,"4,043.44",TRUE,,,19323,19185,4184,0,0,1,0,0,0,1,0,1,0,1,1,0,0,"26,317.13","26,317.13"
17137,6,13521,4203,9318,"4,122.73",TRUE,,,17137,13521,4203,0,0,0,1,1,1,0,1,0,0,0,1,1,0,"21,517.87","21,517.87"
60905,5,20543,4234,16311,"4,202.01",TRUE,,,60905,20543,4234,0,0,0,0,1,0,1,0,1,0,1,1,0,0,"23,294.20","23,294.20"
23127,6,24993,4246,20747,"4,122.73",TRUE,,,23127,24993,4246,0,0,1,1,0,0,0,2,0,0,1,1,0,0,"22,398.28","22,398.28"
71191,6,34391,4250,30141,"4,202.01",TRUE,,,71191,34391,4250,0,1,1,0,1,0,1,0,0,0,1,1,0,0,"26,049.18","26,049.18"
23317,5,19996,4334,15661,"4,281.29",TRUE,,,23317,19996,4334,0,0,0,0,0,0,1,0,1,1,1,1,0,0,"25,092.46","25,092.46"
86736,6,19634,4339,15295,"4,360.58",TRUE,,,86736,19634,4339,0,0,1,0,0,2,1,0,0,0,1,1,0,0,"29,001.73","29,001.73"
30965,5,45052,4351,40702,"4,202.01",TRUE,,,30965,45052,4351,0,0,0,0,0,0,1,1,1,0,1,1,0,0,"24,962.25","24,962.25"
72652,6,39401,4402,34998,"4,519.14",TRUE,,,72652,39401,4402,0,0,0,0,1,1,0,1,0,1,1,1,0,0,"20,996.74","20,996.74"
36723,6,7297,4413,2884,"4,439.86",TRUE,,,36723,7297,4413,0,0,0,1,2,0,0,0,1,0,0,1,1,0,"19,999.57","19,999.57"
77750,6,8987,4453,4533,"4,598.43",TRUE,,,77750,8987,4453,0,0,0,0,0,1,1,0,0,2,0,0,1,1,"25,536.71","25,536.71"
50898,6,17247,4476,12774,"4,519.14",TRUE,,,50898,17247,4476,0,0,0,0,1,1,0,1,0,0,0,1,2,0,"25,607.76","25,607.76"
14852,6,12504,4571,7934,"4,756.99",TRUE,,,14852,12504,4571,0,0,0,0,0,0,0,1,1,2,0,0,1,1,"21,558.35","21,558.35"
77537,6,20046,4593,15454,"4,598.43",TRUE,,,77537,20046,4593,0,0,0,0,1,0,0,1,0,2,0,1,1,0,"21,301.19","21,301.19"
63917,7,19693,4601,15091,"4,836.28",TRUE,,,63917,19693,4601,0,0,1,1,0,1,0,1,0,1,1,1,0,0,"25,362.84","25,362.84"
40972,6,48771,4607,44164,"4,598.43",TRUE,,,40972,48771,4607,0,0,0,0,0,1,0,1,1,1,0,0,1,1,"22,412.28","22,412.28"
78287,7,23344,4629,18715,"4,439.86",TRUE,,,78287,23344,4629,0,0,2,2,1,0,0,0,0,0,1,1,0,0,"23,428.27","23,428.27"
69740,6,23272,4662,18610,"4,756.99",TRUE,,,69740,23272,4662,0,0,0,1,0,0,0,0,1,1,1,1,1,0,"25,890.35","25,890.35"
82248,6,21132,4673,16459,"4,519.14",TRUE,,,82248,21132,4673,0,0,2,0,0,0,0,0,1,1,1,1,0,0,"25,524.31","25,524.31"
53835,6,47772,4675,43096,"4,598.43",TRUE,,,53835,47772,4675,0,0,0,0,0,0,0,1,0,1,0,1,2,1,"28,434.13","28,434.13"
68619,7,57797,4705,53090,"4,677.71",TRUE,,,68619,57797,4705,1,0,0,1,0,1,1,0,0,0,1,1,0,1,"30,228.09","30,228.09"
9944,7,58358,4711,53646,"4,598.43",TRUE,,,9944,58358,4711,1,1,1,0,0,0,0,0,1,1,0,0,1,1,"25,526.99","25,526.99"
36251,7,15070,4748,10321,"4,598.43",TRUE,,,36251,15070,4748,1,0,1,0,0,2,0,1,0,0,1,1,0,0,"26,933.79","26,933.79"
17491,6,36652,4804,31849,"4,598.43",TRUE,,,17491,36652,4804,0,0,0,1,0,1,1,0,1,0,1,1,0,0,"27,289.56","27,289.56"
46011,6,21729,4838,16890,"4,915.56",TRUE,,,46011,21729,4838,0,0,0,0,0,0,0,0,1,1,1,1,1,1,"28,409.65","28,409.65"
52647,7,58843,4856,53988,"5,074.13",TRUE,,,52647,58843,4856,0,1,1,0,0,0,0,0,1,0,1,1,1,1,"32,168.31","32,168.31"
62711,7,35426,4938,30488,"4,915.56",TRUE,,,62711,35426,4938,1,0,2,0,0,0,2,0,0,0,1,1,0,0,"34,576.62","34,576.62"
90274,6,12185,5150,7036,"4,994.84",TRUE,,,90274,12185,5150,0,0,0,0,0,1,1,0,3,0,0,0,0,1,"25,095.13","25,095.13"
84566,7,14813,5213,9600,"5,470.54",TRUE,,,84566,14813,5213,0,1,0,0,0,1,1,0,2,0,1,1,0,0,"31,464.49","31,464.49"
22228,7,16885,5232,11652,"5,311.98",TRUE,,,22228,16885,5232,0,0,0,0,1,1,0,1,0,2,1,1,0,0,"22,977.15","22,977.15"
84343,6,11008,5243,5765,"5,074.13",TRUE,,,84343,11008,5243,0,0,0,0,0,0,1,0,1,2,1,1,0,0,"27,072.87","27,072.87"
84608,8,11691,5275,6414,"5,549.82",TRUE,,,84608,11691,5275,0,0,1,1,2,0,0,2,0,0,1,1,0,0,"22,762.58","22,762.58"
28035,7,28187,5355,22832,"5,470.54",TRUE,,,28035,28187,5355,0,0,1,0,1,0,1,1,1,0,1,1,0,0,"28,349.49","28,349.49"
45203,8,18002,5504,12497,"5,708.39",TRUE,,,45203,18002,5504,1,0,0,0,1,1,0,1,0,2,1,1,0,0,"25,037.33","25,037.33"
51516,8,32199,5576,26623,"5,311.98",TRUE,,,51516,32199,5576,0,1,0,1,1,1,0,2,0,0,1,1,0,0,"24,743.69","24,743.69"
57224,9,13897,6175,7722,"6,342.66",TRUE,,,57224,13897,6175,0,0,1,1,2,0,0,1,0,0,1,1,1,1,"30,207.88","30,207.88"
83816,13,23586,9221,14366,"9,513.99",TRUE,,,83816,23586,9221,2,1,0,1,0,0,0,0,4,3,1,1,0,0,"40,024.78","40,024.78"